{
  "Extensions": [
    {
      "extensionName": "Pipeline Triggerer",
      "link": "<a href='https://marketplace.visualstudio.com/items?itemName=joalmeid.pipeline-triggerer-extension' target='_blank'><b>Pipeline Triggerer</b></a>",
      "publisherId": "joalmeid",
      "extensionId": "pipeline-triggerer-extension",
      "publisherName": "João Almeida",
      "License": "<a href='https://marketplace.visualstudio.com/items?itemName=joalmeid.pipeline-triggerer-extension' target='_blank'>License Terms</a>"
    },
    {
      "extensionName": "Trigger Azure DevOps Pipeline",
      "link": "<a href='https://marketplace.visualstudio.com/items?itemName=maikvandergaag.maikvandergaag-trigger-pipeline' target='_blank'><b>Trigger Azure DevOps Pipeline</b></a>",
      "publisherId": "maikvandergaag",
      "extensionId": "maikvandergaag-trigger-pipeline",
      "publisherName": "Maik van der Gaag",
      "License": "<a href='https://marketplace.visualstudio.com/items?itemName=maikvandergaag.maikvandergaag-trigger-pipeline' target='_blank'>License Terms</a>"
    }
  ]
}