{
  "count": 1,
  "value": [
    {
      "id": 86,
      "rev": 3,
      "fields": {
        "System.AreaPath": "Template",
        "System.TeamProject": "Template",
        "System.IterationPath": "$ProjectName$\\Sprint 1",
        "System.WorkItemType": "Product Backlog Item",
        "System.State": "New",
        "System.Reason": "New backlog item",
        "System.CreatedDate": "2022-03-21T07:11:33.84Z",
        "System.CreatedBy": "Hoang Nguyen <e1800916@edu.vamk.fi>",
        "System.ChangedDate": "2022-03-21T07:12:00.863Z",
        "System.ChangedBy": "Hoang Nguyen <e1800916@edu.vamk.fi>",
        "System.Title": "Create a new feature into product",
        "Microsoft.VSTS.Scheduling.Effort": 0.0,
        "System.Description": null,
        "System.AssignedTo": null,
        "Microsoft.VSTS.Scheduling.RemainingWork": 0.0,
        "Microsoft.VSTS.Common.Priority": 2.0,
        "System.BoardLane": null,
        "System.Tags": null,
        "Microsoft.VSTS.TCM.Steps": null,
        "Microsoft.VSTS.TCM.Parameters": null,
        "Microsoft.VSTS.TCM.LocalDataSource": null,
        "Microsoft.VSTS.TCM.AutomationStatus": null,
        "System.History": null
      },
      "relations": [
        {
          "rel": "System.LinkTypes.Hierarchy-Forward",
          "url": "https://dev.azure.com/thesis16/_apis/wit/workItems/87",
          "attributes": {
            "isLocked": "false",
            "name": "Child"
          }
        },
        {
          "rel": "System.LinkTypes.Hierarchy-Forward",
          "url": "https://dev.azure.com/thesis16/_apis/wit/workItems/88",
          "attributes": {
            "isLocked": "false",
            "name": "Child"
          }
        },
        {
          "rel": "System.LinkTypes.Hierarchy-Forward",
          "url": "https://dev.azure.com/thesis16/_apis/wit/workItems/91",
          "attributes": {
            "isLocked": "false",
            "name": "Child"
          }
        },
        {
          "rel": "System.LinkTypes.Hierarchy-Forward",
          "url": "https://dev.azure.com/thesis16/_apis/wit/workItems/90",
          "attributes": {
            "isLocked": "false",
            "name": "Child"
          }
        },
        {
          "rel": "System.LinkTypes.Hierarchy-Forward",
          "url": "https://dev.azure.com/thesis16/_apis/wit/workItems/89",
          "attributes": {
            "isLocked": "false",
            "name": "Child"
          }
        }
      ],
      "url": "https://dev.azure.com/thesis16/_apis/wit/workItems/86"
    }
  ],
  "HttpStatusCode": 0,
  "Message": null
}