{
  "count": 5,
  "value": [
    {
      "id": 87,
      "rev": 1,
      "fields": {
        "System.AreaPath": "Template",
        "System.TeamProject": "Template",
        "System.IterationPath": "$ProjectName$\\Sprint 1",
        "System.WorkItemType": "Task",
        "System.State": "To Do",
        "System.Reason": "New task",
        "System.CreatedDate": "2022-03-21T07:12:24.1Z",
        "System.CreatedBy": "Hoang Nguyen <e1800916@edu.vamk.fi>",
        "System.ChangedDate": "2022-03-21T07:12:24.1Z",
        "System.ChangedBy": "Hoang Nguyen <e1800916@edu.vamk.fi>",
        "System.Title": "Create new UI element for this feature",
        "Microsoft.VSTS.Scheduling.Effort": 0.0,
        "System.Description": null,
        "System.AssignedTo": null,
        "Microsoft.VSTS.Scheduling.RemainingWork": 0.0,
        "Microsoft.VSTS.Common.Priority": 2.0,
        "System.BoardLane": null,
        "System.Tags": null,
        "Microsoft.VSTS.TCM.Steps": null,
        "Microsoft.VSTS.TCM.Parameters": null,
        "Microsoft.VSTS.TCM.LocalDataSource": null,
        "Microsoft.VSTS.TCM.AutomationStatus": null,
        "System.History": null
      },
      "relations": [
        {
          "rel": "System.LinkTypes.Hierarchy-Reverse",
          "url": "https://dev.azure.com/thesis16/_apis/wit/workItems/86",
          "attributes": {
            "isLocked": "false",
            "name": "Parent"
          }
        }
      ],
      "url": "https://dev.azure.com/thesis16/_apis/wit/workItems/87"
    },
    {
      "id": 88,
      "rev": 1,
      "fields": {
        "System.AreaPath": "Template",
        "System.TeamProject": "Template",
        "System.IterationPath": "$ProjectName$\\Sprint 1",
        "System.WorkItemType": "Task",
        "System.State": "To Do",
        "System.Reason": "New task",
        "System.CreatedDate": "2022-03-21T07:12:39.04Z",
        "System.CreatedBy": "Hoang Nguyen <e1800916@edu.vamk.fi>",
        "System.ChangedDate": "2022-03-21T07:12:39.04Z",
        "System.ChangedBy": "Hoang Nguyen <e1800916@edu.vamk.fi>",
        "System.Title": "Add option to communicate protocol",
        "Microsoft.VSTS.Scheduling.Effort": 0.0,
        "System.Description": null,
        "System.AssignedTo": null,
        "Microsoft.VSTS.Scheduling.RemainingWork": 0.0,
        "Microsoft.VSTS.Common.Priority": 2.0,
        "System.BoardLane": null,
        "System.Tags": null,
        "Microsoft.VSTS.TCM.Steps": null,
        "Microsoft.VSTS.TCM.Parameters": null,
        "Microsoft.VSTS.TCM.LocalDataSource": null,
        "Microsoft.VSTS.TCM.AutomationStatus": null,
        "System.History": null
      },
      "relations": [
        {
          "rel": "System.LinkTypes.Hierarchy-Reverse",
          "url": "https://dev.azure.com/thesis16/_apis/wit/workItems/86",
          "attributes": {
            "isLocked": "false",
            "name": "Parent"
          }
        }
      ],
      "url": "https://dev.azure.com/thesis16/_apis/wit/workItems/88"
    },
    {
      "id": 89,
      "rev": 1,
      "fields": {
        "System.AreaPath": "Template",
        "System.TeamProject": "Template",
        "System.IterationPath": "$ProjectName$\\Sprint 1",
        "System.WorkItemType": "Task",
        "System.State": "To Do",
        "System.Reason": "New task",
        "System.CreatedDate": "2022-03-21T07:12:56.007Z",
        "System.CreatedBy": "Hoang Nguyen <e1800916@edu.vamk.fi>",
        "System.ChangedDate": "2022-03-21T07:12:56.007Z",
        "System.ChangedBy": "Hoang Nguyen <e1800916@edu.vamk.fi>",
        "System.Title": "Modify communication handshake to support new feature",
        "Microsoft.VSTS.Scheduling.Effort": 0.0,
        "System.Description": null,
        "System.AssignedTo": null,
        "Microsoft.VSTS.Scheduling.RemainingWork": 0.0,
        "Microsoft.VSTS.Common.Priority": 2.0,
        "System.BoardLane": null,
        "System.Tags": null,
        "Microsoft.VSTS.TCM.Steps": null,
        "Microsoft.VSTS.TCM.Parameters": null,
        "Microsoft.VSTS.TCM.LocalDataSource": null,
        "Microsoft.VSTS.TCM.AutomationStatus": null,
        "System.History": null
      },
      "relations": [
        {
          "rel": "System.LinkTypes.Hierarchy-Reverse",
          "url": "https://dev.azure.com/thesis16/_apis/wit/workItems/86",
          "attributes": {
            "isLocked": "false",
            "name": "Parent"
          }
        }
      ],
      "url": "https://dev.azure.com/thesis16/_apis/wit/workItems/89"
    },
    {
      "id": 90,
      "rev": 1,
      "fields": {
        "System.AreaPath": "Template",
        "System.TeamProject": "Template",
        "System.IterationPath": "$ProjectName$\\Sprint 1",
        "System.WorkItemType": "Task",
        "System.State": "To Do",
        "System.Reason": "New task",
        "System.CreatedDate": "2022-03-21T07:13:15.187Z",
        "System.CreatedBy": "Hoang Nguyen <e1800916@edu.vamk.fi>",
        "System.ChangedDate": "2022-03-21T07:13:15.187Z",
        "System.ChangedBy": "Hoang Nguyen <e1800916@edu.vamk.fi>",
        "System.Title": "Create testcases",
        "Microsoft.VSTS.Scheduling.Effort": 0.0,
        "System.Description": null,
        "System.AssignedTo": null,
        "Microsoft.VSTS.Scheduling.RemainingWork": 0.0,
        "Microsoft.VSTS.Common.Priority": 2.0,
        "System.BoardLane": null,
        "System.Tags": null,
        "Microsoft.VSTS.TCM.Steps": null,
        "Microsoft.VSTS.TCM.Parameters": null,
        "Microsoft.VSTS.TCM.LocalDataSource": null,
        "Microsoft.VSTS.TCM.AutomationStatus": null,
        "System.History": null
      },
      "relations": [
        {
          "rel": "System.LinkTypes.Hierarchy-Reverse",
          "url": "https://dev.azure.com/thesis16/_apis/wit/workItems/86",
          "attributes": {
            "isLocked": "false",
            "name": "Parent"
          }
        }
      ],
      "url": "https://dev.azure.com/thesis16/_apis/wit/workItems/90"
    },
    {
      "id": 91,
      "rev": 5,
      "fields": {
        "System.AreaPath": "Template",
        "System.TeamProject": "Template",
        "System.IterationPath": "$ProjectName$\\Sprint 1",
        "System.WorkItemType": "Task",
        "System.State": "To Do",
        "System.Reason": "New task",
        "System.CreatedDate": "2022-03-21T07:13:46.477Z",
        "System.CreatedBy": "Hoang Nguyen <e1800916@edu.vamk.fi>",
        "System.ChangedDate": "2022-03-24T21:23:53.17Z",
        "System.ChangedBy": "Hoang Nguyen <e1800916@edu.vamk.fi>",
        "System.Title": "CI INTEGRATION",
        "Microsoft.VSTS.Scheduling.Effort": 0.0,
        "System.Description": "<div>Building pipeline via YAML file: </div><div><pre></pre><div style=\"color:#000000;background-color:#fffffe;font-family:Consolas, 'Courier New', monospace;font-weight:normal;font-size:12px;line-height:16px;\"><pre><code><div><span style=\"color:#007200;\">#&nbsp;Starter&nbsp;pipeline</span> </div><br><div><span style=\"color:#007200;\">#&nbsp;Start&nbsp;with&nbsp;a&nbsp;minimal&nbsp;pipeline&nbsp;that&nbsp;you&nbsp;can&nbsp;customize&nbsp;to&nbsp;build&nbsp;and&nbsp;deploy&nbsp;your&nbsp;code.</span> </div><div><span style=\"color:#007200;\">#&nbsp;Add&nbsp;steps&nbsp;that&nbsp;build,&nbsp;run&nbsp;tests,&nbsp;deploy,&nbsp;and&nbsp;more:</span> </div><div><span style=\"color:#007200;\">#&nbsp;https://aka.ms/yaml</span> </div><br><div><span style=\"color:#008080;\">trigger</span><span>:</span> </div><div><span>&nbsp;&nbsp;</span><span style=\"color:#008080;\">batch</span><span>:&nbsp;</span><span style=\"color:#0000ff;\">true</span> </div><div><span>&nbsp;&nbsp;</span><span style=\"color:#008080;\">branches</span><span>:</span> </div><div><span>&nbsp;&nbsp;&nbsp;&nbsp;</span><span style=\"color:#008080;\">include</span><span>:</span> </div><div><span>&nbsp;&nbsp;&nbsp;&nbsp;-&nbsp;</span><span style=\"color:#0451a5;\">Test</span> </div><div><span>&nbsp;&nbsp;&nbsp;&nbsp;</span><span style=\"color:#008080;\">exclude</span><span>:</span> </div><div><span>&nbsp;&nbsp;&nbsp;&nbsp;-&nbsp;</span><span style=\"color:#0451a5;\">main</span> </div><div><span>&nbsp;&nbsp;&nbsp;&nbsp;-&nbsp;</span><span style=\"color:#0451a5;\">Development</span> </div><div><span style=\"color:#007200;\">#pr:</span> </div><div><span>&nbsp;</span><span style=\"color:#007200;\">#-&nbsp;master</span> </div><br><div><span style=\"color:#008080;\">variables</span><span>:</span> </div><div><span>&nbsp;&nbsp;</span><span style=\"color:#008080;\">tag</span><span>:&nbsp;</span><span style=\"color:#0451a5;\">'$(Build.BuildId)'</span> </div><div><span>&nbsp;&nbsp;</span><span style=\"color:#008080;\">imageName</span><span>:&nbsp;</span><span style=\"color:#0451a5;\">'pipelines'</span> </div><div><span>&nbsp;&nbsp;&nbsp;&nbsp;</span> </div><div><span style=\"color:#008080;\">pool</span><span>:</span> </div><div><span>&nbsp;&nbsp;</span><span style=\"color:#008080;\">vmImage</span><span>:&nbsp;</span><span style=\"color:#0451a5;\">ubuntu-latest</span> </div><br><div><span style=\"color:#008080;\">stages</span><span>:</span> </div><div><span>-&nbsp;</span><span style=\"color:#008080;\">stage</span><span>:&nbsp;</span><span style=\"color:#0451a5;\">Test</span> </div><div><span>&nbsp;&nbsp;</span><span style=\"color:#008080;\">displayName</span><span>:&nbsp;</span><span style=\"color:#0451a5;\">Run&nbsp;gtest&nbsp;with&nbsp;Docker</span> </div><br><div><span>&nbsp;&nbsp;</span><span style=\"color:#008080;\">jobs</span><span>:</span> </div><div><span>&nbsp;&nbsp;&nbsp;&nbsp;-&nbsp;</span><span style=\"color:#008080;\">job</span><span>:&nbsp;</span><span style=\"color:#0451a5;\">Build</span> </div><div><span>&nbsp;&nbsp;&nbsp;&nbsp;&nbsp;&nbsp;</span><span style=\"color:#008080;\">displayName</span><span>:&nbsp;</span><span style=\"color:#0451a5;\">Build&nbsp;Test&nbsp;case&nbsp;Code</span> </div><div><span>&nbsp;&nbsp;&nbsp;&nbsp;&nbsp;&nbsp;</span><span style=\"color:#008080;\">steps</span><span>:</span> </div><div><span>&nbsp;&nbsp;&nbsp;&nbsp;&nbsp;&nbsp;&nbsp;&nbsp;-&nbsp;</span><span style=\"color:#008080;\">task</span><span>:&nbsp;</span><span style=\"color:#0451a5;\">Docker@2</span> </div><div><span>&nbsp;&nbsp;&nbsp;&nbsp;&nbsp;&nbsp;&nbsp;&nbsp;&nbsp;&nbsp;</span><span style=\"color:#008080;\">displayName</span><span>:&nbsp;</span><span style=\"color:#0451a5;\">Build&nbsp;an&nbsp;image</span> </div><div><span>&nbsp;&nbsp;&nbsp;&nbsp;&nbsp;&nbsp;&nbsp;&nbsp;&nbsp;&nbsp;</span><span style=\"color:#008080;\">inputs</span><span>:</span> </div><div><span>&nbsp;&nbsp;&nbsp;&nbsp;&nbsp;&nbsp;&nbsp;&nbsp;&nbsp;&nbsp;&nbsp;&nbsp;</span><span style=\"color:#008080;\">repository</span><span>:&nbsp;</span><span style=\"color:#0451a5;\">'$(imageName)'</span> </div><div><span>&nbsp;&nbsp;&nbsp;&nbsp;&nbsp;&nbsp;&nbsp;&nbsp;&nbsp;&nbsp;&nbsp;&nbsp;</span><span style=\"color:#008080;\">command</span><span>:&nbsp;</span><span style=\"color:#0451a5;\">build</span> </div><div><span>&nbsp;&nbsp;&nbsp;&nbsp;&nbsp;&nbsp;&nbsp;&nbsp;&nbsp;&nbsp;&nbsp;&nbsp;</span><span style=\"color:#008080;\">Dockerfile</span><span>:&nbsp;</span><span style=\"color:#0451a5;\">'{your.dockerfile.path}/Dockerfile'</span><span>&nbsp;</span><span style=\"color:#007200;\">#eg&nbsp;'$(Build.SourcesDirectory)/test/Dockerfile&nbsp;</span> </div><div><span>&nbsp;&nbsp;&nbsp;&nbsp;&nbsp;&nbsp;&nbsp;&nbsp;&nbsp;&nbsp;&nbsp;&nbsp;</span><span style=\"color:#008080;\">tags</span><span>:&nbsp;</span><span style=\"color:#0451a5;\">'$(tag)'</span> </div><div><span style=\"color:#007200;\">####&nbsp;Makefile&nbsp;will&nbsp;output&nbsp;the&nbsp;exe&nbsp;file.&nbsp;Replace&nbsp;exe_file.exe&nbsp;with&nbsp;your&nbsp;executable&nbsp;file&nbsp;name&nbsp;</span> </div><div><span>&nbsp;&nbsp;&nbsp;&nbsp;&nbsp;&nbsp;&nbsp;&nbsp;-&nbsp;</span><span style=\"color:#008080;\">bash</span><span>:&nbsp;|</span> </div><div><span style=\"color:#0451a5;\">&nbsp;&nbsp;&nbsp;&nbsp;&nbsp;&nbsp;&nbsp;&nbsp;&nbsp;&nbsp;&nbsp;&nbsp;echo&nbsp;&quot;Executing&nbsp;docker&nbsp;run&nbsp;command&quot;</span> </div><div><span style=\"color:#0451a5;\">&nbsp;&nbsp;&nbsp;&nbsp;&nbsp;&nbsp;&nbsp;&nbsp;&nbsp;&nbsp;&nbsp;&nbsp;docker&nbsp;run&nbsp;--name&nbsp;my_con&nbsp;-i&nbsp;--rm&nbsp;-v&nbsp;$(Build.SourcesDirectory)/my_output:/con_output&nbsp;$(imageName):$(tag)&nbsp;\\</span> </div><div><span style=\"color:#0451a5;\">&nbsp;&nbsp;&nbsp;&nbsp;&nbsp;&nbsp;&nbsp;&nbsp;&nbsp;&nbsp;&nbsp;&nbsp;cp&nbsp;/exe_file.exe&nbsp;/con_output</span> </div><div><span>&nbsp;&nbsp;&nbsp;&nbsp;&nbsp;&nbsp;&nbsp;&nbsp;&nbsp;&nbsp;</span><span style=\"color:#008080;\">displayName</span><span>:&nbsp;</span><span style=\"color:#0451a5;\">Mounted&nbsp;exefile&nbsp;volume&nbsp;in&nbsp;Docker</span> </div><br><div><span>&nbsp;&nbsp;&nbsp;&nbsp;&nbsp;&nbsp;&nbsp;&nbsp;-&nbsp;</span><span style=\"color:#008080;\">task</span><span>:&nbsp;</span><span style=\"color:#0451a5;\">CopyFiles@2</span> </div><div><span>&nbsp;&nbsp;&nbsp;&nbsp;&nbsp;&nbsp;&nbsp;&nbsp;&nbsp;&nbsp;</span><span style=\"color:#008080;\">displayName</span><span>:&nbsp;</span><span style=\"color:#0451a5;\">Copy&nbsp;Artifact&nbsp;</span> </div><div><span>&nbsp;&nbsp;&nbsp;&nbsp;&nbsp;&nbsp;&nbsp;&nbsp;&nbsp;&nbsp;</span><span style=\"color:#008080;\">inputs</span><span>:</span> </div><div><span>&nbsp;&nbsp;&nbsp;&nbsp;&nbsp;&nbsp;&nbsp;&nbsp;&nbsp;&nbsp;&nbsp;&nbsp;</span><span style=\"color:#008080;\">contents</span><span>:&nbsp;</span><span style=\"color:#0451a5;\">'**/?(*.exe|*.dll|*.pdb)'</span> </div><div><span>&nbsp;&nbsp;&nbsp;&nbsp;&nbsp;&nbsp;&nbsp;&nbsp;&nbsp;&nbsp;&nbsp;&nbsp;</span><span style=\"color:#008080;\">targetFolder</span><span>:&nbsp;</span><span style=\"color:#0451a5;\">$(Build.ArtifactStagingDirectory)</span> </div><br><div><span>&nbsp;&nbsp;&nbsp;&nbsp;&nbsp;&nbsp;&nbsp;&nbsp;-&nbsp;</span><span style=\"color:#008080;\">task</span><span>:&nbsp;</span><span style=\"color:#0451a5;\">PublishBuildArtifacts@1</span> </div><div><span>&nbsp;&nbsp;&nbsp;&nbsp;&nbsp;&nbsp;&nbsp;&nbsp;&nbsp;&nbsp;</span><span style=\"color:#008080;\">displayName</span><span>:&nbsp;</span><span style=\"color:#0451a5;\">Publish&nbsp;Artifact&nbsp;</span> </div><div><span>&nbsp;&nbsp;&nbsp;&nbsp;&nbsp;&nbsp;&nbsp;&nbsp;&nbsp;&nbsp;</span><span style=\"color:#008080;\">inputs</span><span>:</span> </div><div><span>&nbsp;&nbsp;&nbsp;&nbsp;&nbsp;&nbsp;&nbsp;&nbsp;&nbsp;&nbsp;&nbsp;&nbsp;</span><span style=\"color:#008080;\">pathToPublish</span><span>:&nbsp;</span><span style=\"color:#0451a5;\">$(Build.ArtifactStagingDirectory)</span> </div><div><span>&nbsp;&nbsp;&nbsp;&nbsp;&nbsp;&nbsp;&nbsp;&nbsp;&nbsp;&nbsp;&nbsp;&nbsp;</span><span style=\"color:#008080;\">artifactName</span><span>:&nbsp;</span><span style=\"color:#0451a5;\">MyBuildOutputs</span> </div><div><span>&nbsp;&nbsp;&nbsp;&nbsp;-&nbsp;</span><span style=\"color:#008080;\">job</span><span>:&nbsp;</span><span style=\"color:#0451a5;\">Test</span> </div><div><span>&nbsp;&nbsp;&nbsp;&nbsp;&nbsp;&nbsp;</span><span style=\"color:#008080;\">dependsOn</span><span>:&nbsp;</span><span style=\"color:#0451a5;\">Build</span> </div><div><span>&nbsp;&nbsp;&nbsp;&nbsp;&nbsp;&nbsp;</span><span style=\"color:#008080;\">displayName</span><span>:&nbsp;</span><span style=\"color:#0451a5;\">Run&nbsp;gtest</span> </div><div><span>&nbsp;&nbsp;&nbsp;&nbsp;&nbsp;&nbsp;</span><span style=\"color:#008080;\">steps</span><span>:</span> </div><div><span>&nbsp;&nbsp;&nbsp;&nbsp;&nbsp;&nbsp;&nbsp;-&nbsp;</span><span style=\"color:#008080;\">download</span><span>:&nbsp;</span><span style=\"color:#0451a5;\">current</span> </div><div><span>&nbsp;&nbsp;&nbsp;&nbsp;&nbsp;&nbsp;&nbsp;&nbsp;&nbsp;</span><span style=\"color:#008080;\">artifact</span><span>:&nbsp;</span><span style=\"color:#0451a5;\">MyBuildOutputs</span> </div><div><span>&nbsp;&nbsp;&nbsp;&nbsp;&nbsp;&nbsp;&nbsp;-&nbsp;</span><span style=\"color:#008080;\">script</span><span>:&nbsp;|</span> </div><div><span style=\"color:#0451a5;\">&nbsp;&nbsp;&nbsp;&nbsp;&nbsp;&nbsp;&nbsp;&nbsp;&nbsp;&nbsp;&nbsp;cd&nbsp;/$(Pipeline.Workspace)/MyBuildOutputs/my_output</span> </div><div><span style=\"color:#0451a5;\">&nbsp;&nbsp;&nbsp;&nbsp;&nbsp;&nbsp;&nbsp;&nbsp;&nbsp;&nbsp;&nbsp;chmod&nbsp;777&nbsp;exe_file.exe</span> </div><div><span style=\"color:#0451a5;\">&nbsp;&nbsp;&nbsp;&nbsp;&nbsp;&nbsp;&nbsp;&nbsp;&nbsp;&nbsp;&nbsp;./exe_file.exe</span> </div><div><span>&nbsp;&nbsp;&nbsp;&nbsp;&nbsp;&nbsp;&nbsp;&nbsp;&nbsp;</span><span style=\"color:#008080;\">displayName</span><span>:&nbsp;</span><span style=\"color:#0451a5;\">Run&nbsp;exec&nbsp;file</span> </div><div><span>-&nbsp;</span><span style=\"color:#008080;\">stage</span><span>:&nbsp;</span><span style=\"color:#0451a5;\">Build</span> </div><div><span>&nbsp;&nbsp;</span><span style=\"color:#008080;\">displayName</span><span>:&nbsp;</span><span style=\"color:#0451a5;\">Build&nbsp;uC/OS-III&nbsp;code&nbsp;and&nbsp;Run&nbsp;static&nbsp;code&nbsp;analysis&nbsp;&nbsp;</span> </div><div><span>&nbsp;&nbsp;</span> </div><div><span>&nbsp;&nbsp;</span><span style=\"color:#008080;\">jobs</span><span>:</span> </div><div><span>&nbsp;&nbsp;-&nbsp;</span><span style=\"color:#008080;\">job</span><span>:&nbsp;</span><span style=\"color:#0451a5;\">Build</span> </div><div><span>&nbsp;&nbsp;&nbsp;&nbsp;</span><span style=\"color:#008080;\">displayName</span><span>:&nbsp;</span><span style=\"color:#0451a5;\">Build&nbsp;uC/OS-III&nbsp;code</span> </div><div><span>&nbsp;&nbsp;&nbsp;&nbsp;</span><span style=\"color:#008080;\">steps</span><span>:</span> </div><div><span>&nbsp;&nbsp;&nbsp;&nbsp;-&nbsp;</span><span style=\"color:#008080;\">checkout</span><span>:&nbsp;</span><span style=\"color:#0451a5;\">self</span> </div><div><span>&nbsp;&nbsp;&nbsp;&nbsp;-&nbsp;</span><span style=\"color:#008080;\">task</span><span>:&nbsp;</span><span style=\"color:#0451a5;\">Bash@3</span> </div><div><span>&nbsp;&nbsp;&nbsp;&nbsp;&nbsp;&nbsp;</span><span style=\"color:#008080;\">inputs</span><span>:</span> </div><div><span>&nbsp;&nbsp;&nbsp;&nbsp;&nbsp;&nbsp;&nbsp;&nbsp;</span><span style=\"color:#008080;\">targetType</span><span>:&nbsp;</span><span style=\"color:#0451a5;\">'inline'</span> </div><div><span>&nbsp;&nbsp;&nbsp;&nbsp;&nbsp;&nbsp;&nbsp;&nbsp;</span><span style=\"color:#008080;\">script</span><span>:&nbsp;|</span> </div><div><span style=\"color:#0451a5;\">&nbsp;&nbsp;&nbsp;&nbsp;&nbsp;&nbsp;&nbsp;&nbsp;&nbsp;&nbsp;python&nbsp;-m&nbsp;pip&nbsp;install&nbsp;--upgrade&nbsp;pip&nbsp;&nbsp;</span> </div><div><span style=\"color:#0451a5;\">&nbsp;&nbsp;&nbsp;&nbsp;&nbsp;&nbsp;&nbsp;&nbsp;&nbsp;&nbsp;pip&nbsp;install&nbsp;--upgrade&nbsp;platformio</span> </div><div><span>&nbsp;&nbsp;&nbsp;&nbsp;&nbsp;&nbsp;</span><span style=\"color:#008080;\">displayName</span><span>:&nbsp;</span><span style=\"color:#0451a5;\">Install&nbsp;python,&nbsp;platformio</span> </div><br><div><span>&nbsp;&nbsp;&nbsp;&nbsp;-&nbsp;</span><span style=\"color:#008080;\">bash</span><span>:&nbsp;|</span> </div><div><span style=\"color:#0451a5;\">&nbsp;&nbsp;&nbsp;&nbsp;&nbsp;&nbsp;&nbsp;&nbsp;pio&nbsp;check&nbsp;--fail-on-defect=medium&nbsp;--fail-on-defect=high</span> </div><div><span>&nbsp;&nbsp;&nbsp;&nbsp;&nbsp;&nbsp;</span><span style=\"color:#008080;\">displayName</span><span>:&nbsp;</span><span style=\"color:#0451a5;\">Run&nbsp;cppcheck&nbsp;tool&nbsp;-&nbsp;static&nbsp;code&nbsp;analysis</span> </div><div><span>&nbsp;&nbsp;&nbsp;&nbsp;-&nbsp;</span><span style=\"color:#008080;\">bash</span><span>:&nbsp;|</span> </div><div><span style=\"color:#0451a5;\">&nbsp;&nbsp;&nbsp;&nbsp;&nbsp;&nbsp;&nbsp;&nbsp;pio&nbsp;run</span> </div><div><span>&nbsp;&nbsp;&nbsp;&nbsp;&nbsp;&nbsp;</span><span style=\"color:#008080;\">displayName</span><span>:&nbsp;</span><span style=\"color:#0451a5;\">Build&nbsp;code&nbsp;by&nbsp;platformio</span> </div><div><span>&nbsp;&nbsp;-&nbsp;</span><span style=\"color:#008080;\">job</span><span>:&nbsp;</span><span style=\"color:#0451a5;\">Git</span> </div><div><span>&nbsp;&nbsp;&nbsp;&nbsp;</span><span style=\"color:#008080;\">displayName</span><span>:&nbsp;</span><span style=\"color:#0451a5;\">Run&nbsp;git&nbsp;command</span> </div><div><span>&nbsp;&nbsp;&nbsp;&nbsp;</span><span style=\"color:#008080;\">dependsOn</span><span>:&nbsp;</span><span style=\"color:#0451a5;\">Build</span> </div><div><span>&nbsp;&nbsp;&nbsp;&nbsp;</span><span style=\"color:#008080;\">steps</span><span>:</span> </div><div><span>&nbsp;&nbsp;&nbsp;&nbsp;-&nbsp;</span><span style=\"color:#008080;\">checkout</span><span>:&nbsp;</span><span style=\"color:#0451a5;\">git://your_project/your_repo@master&nbsp;</span> </div><div><span>&nbsp;&nbsp;&nbsp;&nbsp;&nbsp;&nbsp;</span><span style=\"color:#008080;\">persistCredentials</span><span>:&nbsp;</span><span style=\"color:#0000ff;\">true</span> </div><div><span>&nbsp;&nbsp;&nbsp;&nbsp;-&nbsp;</span><span style=\"color:#008080;\">task</span><span>:&nbsp;</span><span style=\"color:#0451a5;\">PowerShell@2</span> </div><div><span>&nbsp;&nbsp;&nbsp;&nbsp;&nbsp;&nbsp;</span><span style=\"color:#008080;\">inputs</span><span>:</span> </div><div><span>&nbsp;&nbsp;&nbsp;&nbsp;&nbsp;&nbsp;&nbsp;&nbsp;</span><span style=\"color:#008080;\">targetType</span><span>:&nbsp;</span><span style=\"color:#0451a5;\">'inline'</span> </div><div><span>&nbsp;&nbsp;&nbsp;&nbsp;&nbsp;&nbsp;&nbsp;&nbsp;</span><span style=\"color:#008080;\">script</span><span>:&nbsp;|</span> </div><div><span style=\"color:#0451a5;\">&nbsp;&nbsp;&nbsp;&nbsp;&nbsp;&nbsp;&nbsp;&nbsp;&nbsp;&nbsp;git&nbsp;switch&nbsp;Test</span> </div><div><span style=\"color:#0451a5;\">&nbsp;&nbsp;&nbsp;&nbsp;&nbsp;&nbsp;&nbsp;&nbsp;&nbsp;&nbsp;git&nbsp;switch&nbsp;Development</span> </div><div><span style=\"color:#0451a5;\">&nbsp;&nbsp;&nbsp;&nbsp;&nbsp;&nbsp;&nbsp;&nbsp;&nbsp;&nbsp;git&nbsp;merge&nbsp;Test</span> </div><div><span style=\"color:#0451a5;\">&nbsp;&nbsp;&nbsp;&nbsp;&nbsp;&nbsp;&nbsp;&nbsp;&nbsp;&nbsp;git&nbsp;push&nbsp;origin&nbsp;Development</span> </div><div><span>&nbsp;&nbsp;&nbsp;&nbsp;&nbsp;&nbsp;</span><span style=\"color:#008080;\">displayName</span><span>:&nbsp;</span><span style=\"color:#0451a5;\">commit&nbsp;code&nbsp;to&nbsp;Dev&nbsp;branch</span> </div></code></pre><br><br><br> </div><br> </div>",
        "System.AssignedTo": null,
        "Microsoft.VSTS.Scheduling.RemainingWork": 0.0,
        "Microsoft.VSTS.Common.Priority": 2.0,
        "System.BoardLane": null,
        "System.Tags": null,
        "Microsoft.VSTS.TCM.Steps": null,
        "Microsoft.VSTS.TCM.Parameters": null,
        "Microsoft.VSTS.TCM.LocalDataSource": null,
        "Microsoft.VSTS.TCM.AutomationStatus": null,
        "System.History": null
      },
      "relations": [
        {
          "rel": "System.LinkTypes.Hierarchy-Reverse",
          "url": "https://dev.azure.com/thesis16/_apis/wit/workItems/86",
          "attributes": {
            "isLocked": "false",
            "name": "Parent"
          }
        }
      ],
      "url": "https://dev.azure.com/thesis16/_apis/wit/workItems/91"
    }
  ],
  "HttpStatusCode": 0,
  "Message": null
}