{
  "count": 5,
  "value": [
    {
      "id": 81,
      "rev": 1,
      "fields": {
        "System.AreaPath": "Scrum-Template",
        "System.TeamProject": "Scrum-Template",
        "System.IterationPath": "$ProjectName$\\Sprint 1",
        "System.WorkItemType": "Task",
        "System.State": "To Do",
        "System.Reason": "New task",
        "System.CreatedDate": "2022-03-18T18:34:15.783Z",
        "System.CreatedBy": "Hoang Nguyen <e1800916@edu.vamk.fi>",
        "System.ChangedDate": "2022-03-18T18:34:15.783Z",
        "System.ChangedBy": "Hoang Nguyen <e1800916@edu.vamk.fi>",
        "System.Title": "Write new UI element for this imaginary feature",
        "Microsoft.VSTS.Scheduling.Effort": 0.0,
        "System.Description": null,
        "System.AssignedTo": null,
        "Microsoft.VSTS.Scheduling.RemainingWork": 0.0,
        "Microsoft.VSTS.Common.Priority": 2.0,
        "System.BoardLane": null,
        "System.Tags": null,
        "Microsoft.VSTS.TCM.Steps": null,
        "Microsoft.VSTS.TCM.Parameters": null,
        "Microsoft.VSTS.TCM.LocalDataSource": null,
        "Microsoft.VSTS.TCM.AutomationStatus": null,
        "System.History": null
      },
      "relations": [
        {
          "rel": "System.LinkTypes.Hierarchy-Reverse",
          "url": "https://dev.azure.com/thesis16/_apis/wit/workItems/80",
          "attributes": {
            "isLocked": "false",
            "name": "Parent"
          }
        }
      ],
      "url": "https://dev.azure.com/thesis16/_apis/wit/workItems/81"
    },
    {
      "id": 82,
      "rev": 1,
      "fields": {
        "System.AreaPath": "Scrum-Template",
        "System.TeamProject": "Scrum-Template",
        "System.IterationPath": "$ProjectName$\\Sprint 1",
        "System.WorkItemType": "Task",
        "System.State": "To Do",
        "System.Reason": "New task",
        "System.CreatedDate": "2022-03-18T18:34:23.21Z",
        "System.CreatedBy": "Hoang Nguyen <e1800916@edu.vamk.fi>",
        "System.ChangedDate": "2022-03-18T18:34:23.21Z",
        "System.ChangedBy": "Hoang Nguyen <e1800916@edu.vamk.fi>",
        "System.Title": "Add option to communication protocol",
        "Microsoft.VSTS.Scheduling.Effort": 0.0,
        "System.Description": null,
        "System.AssignedTo": null,
        "Microsoft.VSTS.Scheduling.RemainingWork": 0.0,
        "Microsoft.VSTS.Common.Priority": 2.0,
        "System.BoardLane": null,
        "System.Tags": null,
        "Microsoft.VSTS.TCM.Steps": null,
        "Microsoft.VSTS.TCM.Parameters": null,
        "Microsoft.VSTS.TCM.LocalDataSource": null,
        "Microsoft.VSTS.TCM.AutomationStatus": null,
        "System.History": null
      },
      "relations": [
        {
          "rel": "System.LinkTypes.Hierarchy-Reverse",
          "url": "https://dev.azure.com/thesis16/_apis/wit/workItems/80",
          "attributes": {
            "isLocked": "false",
            "name": "Parent"
          }
        }
      ],
      "url": "https://dev.azure.com/thesis16/_apis/wit/workItems/82"
    },
    {
      "id": 83,
      "rev": 1,
      "fields": {
        "System.AreaPath": "Scrum-Template",
        "System.TeamProject": "Scrum-Template",
        "System.IterationPath": "$ProjectName$\\Sprint 1",
        "System.WorkItemType": "Task",
        "System.State": "To Do",
        "System.Reason": "New task",
        "System.CreatedDate": "2022-03-18T18:34:31.423Z",
        "System.CreatedBy": "Hoang Nguyen <e1800916@edu.vamk.fi>",
        "System.ChangedDate": "2022-03-18T18:34:31.423Z",
        "System.ChangedBy": "Hoang Nguyen <e1800916@edu.vamk.fi>",
        "System.Title": "Modify communication handshake to support new feature",
        "Microsoft.VSTS.Scheduling.Effort": 0.0,
        "System.Description": null,
        "System.AssignedTo": null,
        "Microsoft.VSTS.Scheduling.RemainingWork": 0.0,
        "Microsoft.VSTS.Common.Priority": 2.0,
        "System.BoardLane": null,
        "System.Tags": null,
        "Microsoft.VSTS.TCM.Steps": null,
        "Microsoft.VSTS.TCM.Parameters": null,
        "Microsoft.VSTS.TCM.LocalDataSource": null,
        "Microsoft.VSTS.TCM.AutomationStatus": null,
        "System.History": null
      },
      "relations": [
        {
          "rel": "System.LinkTypes.Hierarchy-Reverse",
          "url": "https://dev.azure.com/thesis16/_apis/wit/workItems/80",
          "attributes": {
            "isLocked": "false",
            "name": "Parent"
          }
        }
      ],
      "url": "https://dev.azure.com/thesis16/_apis/wit/workItems/83"
    },
    {
      "id": 84,
      "rev": 1,
      "fields": {
        "System.AreaPath": "Scrum-Template",
        "System.TeamProject": "Scrum-Template",
        "System.IterationPath": "$ProjectName$\\Sprint 1",
        "System.WorkItemType": "Task",
        "System.State": "To Do",
        "System.Reason": "New task",
        "System.CreatedDate": "2022-03-18T18:34:37.68Z",
        "System.CreatedBy": "Hoang Nguyen <e1800916@edu.vamk.fi>",
        "System.ChangedDate": "2022-03-18T18:34:37.68Z",
        "System.ChangedBy": "Hoang Nguyen <e1800916@edu.vamk.fi>",
        "System.Title": "Create new task",
        "Microsoft.VSTS.Scheduling.Effort": 0.0,
        "System.Description": null,
        "System.AssignedTo": null,
        "Microsoft.VSTS.Scheduling.RemainingWork": 0.0,
        "Microsoft.VSTS.Common.Priority": 2.0,
        "System.BoardLane": null,
        "System.Tags": null,
        "Microsoft.VSTS.TCM.Steps": null,
        "Microsoft.VSTS.TCM.Parameters": null,
        "Microsoft.VSTS.TCM.LocalDataSource": null,
        "Microsoft.VSTS.TCM.AutomationStatus": null,
        "System.History": null
      },
      "relations": [
        {
          "rel": "System.LinkTypes.Hierarchy-Reverse",
          "url": "https://dev.azure.com/thesis16/_apis/wit/workItems/80",
          "attributes": {
            "isLocked": "false",
            "name": "Parent"
          }
        }
      ],
      "url": "https://dev.azure.com/thesis16/_apis/wit/workItems/84"
    },
    {
      "id": 85,
      "rev": 1,
      "fields": {
        "System.AreaPath": "Scrum-Template",
        "System.TeamProject": "Scrum-Template",
        "System.IterationPath": "$ProjectName$\\Sprint 1",
        "System.WorkItemType": "Task",
        "System.State": "To Do",
        "System.Reason": "New task",
        "System.CreatedDate": "2022-03-18T18:34:44.027Z",
        "System.CreatedBy": "Hoang Nguyen <e1800916@edu.vamk.fi>",
        "System.ChangedDate": "2022-03-18T18:34:44.027Z",
        "System.ChangedBy": "Hoang Nguyen <e1800916@edu.vamk.fi>",
        "System.Title": "Create testcases",
        "Microsoft.VSTS.Scheduling.Effort": 0.0,
        "System.Description": null,
        "System.AssignedTo": null,
        "Microsoft.VSTS.Scheduling.RemainingWork": 0.0,
        "Microsoft.VSTS.Common.Priority": 2.0,
        "System.BoardLane": null,
        "System.Tags": null,
        "Microsoft.VSTS.TCM.Steps": null,
        "Microsoft.VSTS.TCM.Parameters": null,
        "Microsoft.VSTS.TCM.LocalDataSource": null,
        "Microsoft.VSTS.TCM.AutomationStatus": null,
        "System.History": null
      },
      "relations": [
        {
          "rel": "System.LinkTypes.Hierarchy-Reverse",
          "url": "https://dev.azure.com/thesis16/_apis/wit/workItems/80",
          "attributes": {
            "isLocked": "false",
            "name": "Parent"
          }
        }
      ],
      "url": "https://dev.azure.com/thesis16/_apis/wit/workItems/85"
    }
  ],
  "HttpStatusCode": 0,
  "Message": null
}